year,p20,p50,p80,inequality_gap
2018,2.119565217391304,2.6643598615916955,3.3974358974358974,1.2778706800445931
2019,2.1739130434782608,2.727272727272727,3.4761904761904763,1.3022774327122155
2020,2.357142857142857,2.9375,3.723404255319149,1.3662613981762917
2021,2.556390977443609,3.15625,3.978102189781022,1.4217112123374127
2022,2.4757281553398056,3.0434782608695654,3.730094726062469,1.2543665707226634
2023,2.2955974842767297,2.8160919540229883,3.4,1.1044025157232702
